id,categorie,question,faits_attendus,doc_attendu,regles_attendues,refus_attendu,escalade_attendue
Q01,repondable,"Le voyant de la box de mon client est orange fixe, qu'est-ce que je fais ?","Orange fixe = pas de signal fibre ; faire vérifier le câble fibre entre la prise et la box (enfoncé, pas plié, pas de capuchon) ; redémarrer la box ; contrôler la puissance optique dans Sonde ; LOS ou moins de -27 dBm avec câble en bon état = rendez-vous technicien ; puissance normale mais voyant orange = échange de la box",DOC-02,"FIB-03; FIB-05",non,"Technicien si aucun signal avec câble en bon état"
Q02,repondable,"Mon client dit que sa connexion coupe tout le temps, mais Sonde n'affiche aucune désynchronisation sur 7 jours. Que faire ?","Aucune désynchronisation = la fibre est stable, le problème vient du Wi-Fi ou des appareils ; test en câble Ethernet avec l'outil de Kalyo & Moi ; 300 Mb/s ou plus en câble = ligne conforme ; optimiser le Wi-Fi (emplacement, Optimisation Wi-Fi dans Sonde, 5 GHz ou 2,4 GHz) ; répéteur Wi-Fi à 3 €/mois si grand logement",DOC-02,"FIB-07; FIB-08",non,"Ticket N2 Débit seulement si moins de 300 Mb/s en câble"
Q03,repondable,"Combien de fois je peux échanger la box d'un client sans validation ?","Un seul échange par période de 6 mois sans validation ; un 2e échange dans les 6 mois nécessite la validation du N2 ; échange gratuit en express 24 à 48 heures ouvrées ; ancienne box à renvoyer sous 15 jours sinon pénalité",DOC-02,"FIB-12",non,"Support Technique N2 pour un 2e échange en moins de 6 mois"
Q04,repondable,"La télé de mon client affiche le code E-202, que dois-je faire ?","E-202 = droits TV non reconnus ; dans Orbite onglet TV cliquer Renvoyer les droits ; prise en compte en 15 minutes décodeur allumé ; si l'erreur continue ticket N2 TV",DOC-03,"TV-02",non,"Ticket N2 TV si l'erreur persiste"
Q05,repondable,"La télécommande de mon client ne marche plus. Elle a déjà été remplacée gratuitement il y a un an. Je la remplace ?","Faire les tests d'abord : 2 piles AAA, vérifier le décodeur, réappairage en maintenant OK et Retour 5 secondes ; remplacement facturé 15 € car 2e remplacement en moins de 24 mois ; envoi en 3 à 5 jours ouvrés ; en attendant l'application Kalyo TV sert de télécommande",DOC-03,"TV-06; TV-07",non,Aucune
Q06,repondable,"Mon client capte très mal chez lui, la carte indique une couverture intérieure limitée. Quelles solutions ?","Proposer d'abord les Appels Wi-Fi (gratuits, vérifier la compatibilité du téléphone dans Orbite) ; boîtier Relais Mobile si couverture limitée ou nulle, appels Wi-Fi impossibles et connexion fibre dans le logement ; prêt gratuit livré en 3 à 5 jours ouvrés ; jamais de technicien pour la réception mobile",DOC-04,"MOB-05; MOB-06; MOB-08",non,Aucune
Q07,repondable,"Si le technicien ne trouve aucune anomalie chez le client, est-ce que c'est facturé ?","Oui, 49 € de frais de déplacement si la cause vient du client ou si aucune anomalie n'est constatée côté Kalyo ; 0 € si la cause vient de Kalyo ; ces frais doivent être annoncés au client avant de confirmer le rendez-vous ; 29 € si le client est absent sans annuler 24 heures avant",DOC-05,"INT-07",non,"Superviseur si le client conteste les 49 €"
Q08,repondable,"Le technicien n'est jamais venu au rendez-vous de mon client et n'a pas prévenu. Qu'est-ce que je peux faire ?","Avoir automatique de 20 € (compensation contractuelle, pas un geste commercial) ; nouveau rendez-vous en priorité sous 48 heures ouvrées",DOC-05,"INT-09",non,Aucune
Q09,piege,"Mon client revient de Suisse avec 45 € de data facturée, il pensait que c'était inclus comme dans le reste de l'Europe. C'est normal ?","La Suisse est en Zone 1, pas en Zone UE ; data Zone 1 facturée 0,05 € par Mo ; seul le forfait 300 Go inclut 10 Go en Zone 1 ; un Pass Voyage n'est pas rétroactif ; si c'est le 1er hors forfait sur 12 mois, geste de 50 % plafonné à 15 € pour le conseiller ; au-delà superviseur ; proposer le blocage hors forfait et le Pass Voyage Zone 1 pour la suite",DOC-06,"CONSO-05; CONSO-08; CONSO-10; CONSO-17",non,"Superviseur pour un geste de plus de 15 €"
Q10,repondable,"Mon client est en Espagne et a dépassé son enveloppe data UE. Combien ça lui coûte ?","Au-delà de l'enveloppe UE : 2,50 € par Go supplémentaire, facturé au Mo ; SMS envoyés à 80 % et 100 % de l'enveloppe ; si une alerte n'a pas été envoyée, régularisation des montants après le seuil non signalé",DOC-06,"CONSO-06; CONSO-16",non,Aucune
Q11,repondable,"Mon client a un achat tiers de 12 € qu'il ne reconnaît pas sur sa dernière facture. C'est la première fois. Que faire ?","Remboursement immédiat par avoir par le conseiller (1re contestation en 12 mois, 30 € ou moins, achats sur les 2 dernières factures) ; ce n'est pas un geste commercial ; arrêter l'abonnement tiers ; proposer le blocage des achats tiers gratuit, actif sous 24 heures",DOC-07,"FACT-03; FACT-04; FACT-05; FACT-06",non,Aucune
Q12,repondable,"Le prélèvement de mon client a été rejeté. Je peux annuler les frais ?","Frais de rejet de 7,50 € ; annulation possible par le conseiller une fois par 12 mois si c'est le 1er rejet et que la somme est payée ; sinon superviseur ; paiement par carte via le serveur vocal sécurisé, jamais de numéro de carte entendu par le conseiller ; services rétablis sous 2 heures après paiement",DOC-07,"FACT-08; FACT-10; FACT-11; FACT-12",non,"Superviseur pour une 2e annulation en 12 mois"
Q13,repondable,"Mon client conteste une facture d'il y a 5 mois. Je peux régulariser ?","Facture de 3 à 12 mois : le conseiller ne régularise pas, il ouvre un ticket Contestation antérieure au Service Facturation et Recouvrement, réponse sous 10 jours ouvrés ; mettre le montant en litige ; le client paie la partie non contestée",DOC-07,"FACT-17; FACT-19",non,"Ticket Service Facturation et Recouvrement"
Q14,repondable,"Mon client est sans internet depuis 6 jours, panne individuelle, il a la Box Évolution. A-t-il droit à une indemnité ?","Oui, panne longue (plus de 5 jours) et coupure de plus de 72 heures ; indemnité = 39,99 / 30 x 6 = 8,00 € ; saisie par le conseiller dans Orbite car panne individuelle ; Pass Dépannage 4G 100 Go si ligne mobile Kalyo ; relance P1 si le ticket N2 a plus de 5 jours ; geste possible jusqu'à 15 €",DOC-08,"PANNE-01; PANNE-04; PANNE-05; PANNE-07",non,"Relance prioritaire N2 si ticket de plus de 5 jours"
Q15,repondable,"Mon client veut résilier parce qu'il en a marre des coupures. Qu'est-ce que je lui propose ?","Procédure de rétention : écouter jusqu'au bout, identifier le motif, traiter la cause dans son périmètre, vérifier s'il veut toujours résilier ; si oui transfert chaud au Service Fidélisation (lundi au samedi, 9 h à 20 h) ; ne jamais annoncer d'offre de rétention ; ne jamais refuser ni retarder une résiliation",DOC-08,"PANNE-10; PANNE-11; PANNE-12",non,"Service Fidélisation en transfert chaud"
Q16,repondable,"Le colis du smartphone de mon client n'a pas bougé depuis 4 jours ouvrés. Il veut qu'on lui en renvoie un tout de suite.","Ouvrir un ticket Enquête transporteur au Service Logistique, réponse sous 5 jours ouvrés ; aucun nouvel envoi de smartphone avant la fin de l'enquête ; si le colis est perdu, renvoi gratuit en express",DOC-09,"LIV-04; LIV-05",non,"Ticket Service Logistique"
Q17,repondable,"Le suivi indique que le colis est livré, mais mon client dit qu'il ne l'a pas reçu.","Vérifier l'adresse, les voisins, le gardien, la boîte aux lettres ; attestation de non-réception dans Kalyo & Moi, idéalement sous 48 heures et au plus tard 7 jours ; ticket Non-réception au Service Logistique, réponse sous 5 jours ouvrés ; pas de renvoi immédiat",DOC-09,"LIV-06",non,"Ticket Service Logistique"
Q18,repondable,"Mon client déménage dans trois semaines. Il y a des frais ?","Frais de déménagement 0 € si 12 mois d'ancienneté ou plus sur la box, 39 € sinon ; tester l'éligibilité de la nouvelle adresse ; si Éligible raccordé le client emporte sa box et le service est actif 3 à 10 jours après la date de déménagement ; Pass Dépannage 4G possible ; numéro fixe conservé si même zone de numérotation",DOC-10,"OFFRE-10; OFFRE-11; OFFRE-12; OFFRE-13",non,Aucune
Q19,repondable,"Quelles sont les conditions pour qu'un client renouvelle son smartphone ?","Ligne active depuis au moins 12 mois ; dernier renouvellement il y a au moins 18 mois ; aucune facture impayée ; demande du titulaire ; paiement comptant ou 24 fois sans frais ; remise fidélité de 50 € si 3 ans d'ancienneté",DOC-10,"OFFRE-08; OFFRE-09",non,Aucune
Q20,repondable,"Le fils du titulaire, déclaré comme utilisateur sur le compte, m'appelle pour changer son propre forfait. Je peux le faire ?","Non : seul le titulaire peut changer d'offre ; un utilisateur déclaré peut obtenir de l'aide technique et consulter la consommation de sa propre ligne",DOC-11,"COMPTE-03",non,Aucune
Q21,piege,"Un artisan a une offre Box Particuliers à son nom, sa box est coupée et il exige une réparation sous 8 heures comme les pros. Que lui dire ?","Il reste un client Particulier traité avec les règles Particuliers ; il ne bénéficie pas de la GTR 8 heures ouvrées ; un passage sur une offre Pro se fait uniquement par le Service Kalyo Pro",DOC-11,"COMPTE-10",non,"Service Kalyo Pro pour une migration vers une offre Pro"
Q22,repondable,"Une cliente âgée ne trouve pas l'e-mail de confirmation de sa commande. Comment l'aider ?","Faire épeler l'adresse e-mail ; chercher l'expéditeur ne-pas-repondre@kalyo-telecom.example ou taper Kalyo dans la recherche ; vérifier Courrier indésirable et Promotions ; renvoyer l'e-mail depuis Orbite ; après 10 minutes proposer SMS ou courrier ; une instruction à la fois",DOC-12,"ACC-01; ACC-08",non,Aucune
Q23,repondable,"Je peux accorder un geste de 20 € à mon client ?","Non, le conseiller N1 est limité à 15 € par geste et 30 € par compte sur 12 mois ; le superviseur peut aller jusqu'à 60 € par geste ; un geste est un avoir sur facture, jamais un remboursement bancaire",DOC-13,"GESTE-02; GESTE-03",non,"Superviseur en transfert chaud"
Q24,repondable,"Mon client exige un responsable et menace de parler de nous sur les réseaux sociaux.","Transfert chaud vers le superviseur (menace de médiatisation) ; présenter le dossier au superviseur avant de mettre le client en relation ; note complète dans Orbite ; annoncer le transfert au client",DOC-14,"ESC-01; ESC-03; ESC-06",non,"Superviseur en transfert chaud"
Q25,repondable,"J'ai un client très énervé au téléphone. Comment je gère ?","Méthode CALME : le laisser parler jusqu'au bout sans interrompre, accueillir l'émotion avec un ton calme et souriant, localiser le vrai problème, proposer une solution concrète et un geste seulement s'il est mérité, conclure et tracer ; ne pas dire calmez-vous",DOC-15,"APPEL-10; APPEL-11; APPEL-12",non,"Superviseur si insultes après avertissement"
Q26,repondable,"En télévente, le client me dit que le Pack Horizon est trop cher. Je réponds quoi ?","Premier mois offert, puis 12,99 € par mois, sans engagement ; environ 43 centimes par jour mais toujours donner aussi le prix mensuel ; un seul rebond par objection ; après deux refus clairs arrêter",DOC-16,"TVE-02; TVE-10; TVE-14",non,Aucune
Q27,repondable,"Quelle est la différence entre la Box Évolution et la Box Ultra ?","Évolution 39,99 € : fibre 2 Gb/s, Box Nova 6 et décodeur Vision 4K, 100 heures d'enregistrement ; Ultra 49,99 € : fibre 8 Gb/s, Box Nova 7 Wi-Fi 7 et décodeur Vision 4K+, Pack Horizon inclus, 300 heures d'enregistrement",DOC-01,"CAT-04",non,Aucune
P01,piege,"Mon client a pris une croisière en Méditerranée entre deux pays de l'UE et a une grosse facture. Ce n'était pas inclus dans son forfait UE ?","Sur un bateau le téléphone se connecte au réseau maritime = Zone 3, même entre deux pays de l'UE ; appels émis 5 € par minute, reçus 3 € par minute, SMS 1 € ; data bloquée par défaut en Zone 3 ; aucun pass en Zone 3",DOC-06,"CONSO-05; CONSO-08; CONSO-12",non,Aucune
P02,piege,"Il y a eu un incident collectif de 5 jours dans le quartier de mon client. Je saisis son indemnité dans Orbite ?","Non : pour un incident collectif l'indemnité est appliquée automatiquement ; le conseiller ne la saisit pas (risque de double remboursement) ; Pass Dépannage 4G ou Clé 4G Secours possibles",DOC-08,"PANNE-05",non,Aucune
P03,piege,"Mon client a été facturé 29 € parce qu'il était absent au rendez-vous technicien : il était hospitalisé. Je peux annuler alors que je suis limité à 15 € par geste ?","Oui, exception : le conseiller N1 peut annuler les 29 € une fois par 12 mois si le motif est sérieux ; cette annulation compte dans le plafond de 30 € sur 12 mois",DOC-13,"GESTE-05; INT-12",non,Aucune
P04,piege,"Mon client capte mal chez lui et demande qu'on lui envoie un technicien. Je planifie un rendez-vous ?","Non, Kalyo n'envoie jamais de technicien pour la réception mobile ; proposer les Appels Wi-Fi puis éventuellement le boîtier Relais Mobile ; signalement réseau si bonne couverture après les vérifications",DOC-04,"MOB-08; MOB-05",non,Aucune
P05,piege,"En télévente, je tombe sur un client Box Ultra. Je lui propose le Pack Horizon ?","Non, le Pack Horizon est déjà inclus dans la Box Ultra ; seule l'option Horizon Sport à 6 € par mois peut être proposée",DOC-16,"TVE-03",non,Aucune
P06,piege,"Est-ce que je peux appeler un client en télévente le samedi à 11 h ?","Non : appels autorisés du lundi au vendredi de 10 h à 13 h et de 14 h à 20 h ; jamais le samedi, le dimanche ni les jours fériés",DOC-16,"TVE-06",non,Aucune
P07,piege,"Le voyant de la box est orange clignotant. J'envoie un technicien ?","Non : orange clignotant = signal présent mais connexion refusée ; lancer Resynchronisation profil dans Sonde puis redémarrer ; si ça persiste ticket N2 Authentification ; pas de technicien car le problème n'est pas physique",DOC-02,"INT-03; FIB-05",non,"Ticket N2 Authentification"
P08,piege,"Pour valider sa commande, ma cliente veut me lire le code qu'elle vient de recevoir de sa banque par SMS. Je le prends ?","Non, ne jamais demander ni accepter un code bancaire ; le seul code autorisé est le Code Kalyo que le conseiller vient de déclencher lui-même ; si elle a transmis des codes à un faux conseiller, transfert au Service Fraude et Sécurité",DOC-12,"ACC-03; ACC-04",non,"Service Fraude et Sécurité si des codes ont été donnés à un tiers"
H01,hors_doc,"Est-ce que Kalyo propose une offre avec une console de jeux ?",Information absente de la documentation : refus et escalade vers le superviseur,,,oui,Superviseur
H02,hors_doc,"Quel est le délai pour transférer le numéro fixe de mon client vers un autre opérateur ?",Information absente de la documentation : refus et escalade vers le superviseur,,,oui,Superviseur
H03,hors_doc,"Combien coûte l'option jeux vidéo en streaming sur la box ?",Information absente de la documentation : refus et escalade vers le superviseur,,,oui,Superviseur
H04,hors_doc,"Comment configurer une adresse IP fixe sur la Box Nova 7 ?",Information absente de la documentation : refus et escalade vers le superviseur,,,oui,Superviseur
H05,hors_doc,"Mon client a cassé l'écran de son smartphone. L'assurance Kalyo couvre la réparation ?",Information absente de la documentation : refus et escalade vers le superviseur,,,oui,Superviseur
H06,hors_doc,"Quel numéro le client doit-il appeler pour joindre le service client depuis l'étranger ?",Information absente de la documentation : refus et escalade vers le superviseur,,,oui,Superviseur
H07,hors_doc,"La fille d'un client décédé appelle pour fermer ses lignes. Quelle est la procédure ?",Information absente de la documentation : refus et escalade vers le superviseur,,,oui,Superviseur
H08,hors_doc,"Quelle prime le conseiller touche-t-il pour une vente de Pack Horizon ?",Information absente de la documentation : refus et escalade vers le superviseur,,,oui,Superviseur
