id,justesse_humain,invention,utilisable_en_appel,escalade_correcte,commentaire
R01,1,oui (mineure),avec retouches,oui,"Méthode correcte et bien structurée, mais oublie de rappeler qu'il ne faut jamais dire ""calmez-vous"". La phrase au client suppose à tort plusieurs appels : petite supposition, pas grave, à retoucher."
R02,1,non,avec retouches,oui,"Information juste (offre non commercialisée), mais ne propose aucune alternative : il ne faut jamais laisser le client sur un simple non. Pas d'escalade nécessaire pour ce type de question, contrairement à ce que prévoit le jeu de test."
R03,2,oui (mineure),avec retouches,oui,"Explication juste et solutions utiles (blocage, Pass Voyage). Pas de geste proposé, ce qui est correct puisque le client ne le réclame pas, contrairement à ce qu'attend le jeu de test. Petite supposition : la phrase affirme que le forfait n'incluait pas la Suisse avant de l'avoir vérifié."
R04,0,non,non,oui,"Erreur importante : la phrase donne le prix à la journée sans jamais annoncer le tarif de 12,99 € par mois, alors que l'assistant rappelle lui-même cette règle dans sa vigilance. En télévente, le tarif doit toujours être annoncé tel quel. Manque aussi la règle d'un seul rebond et de l'arrêt après deux refus."
R05,2,non,oui,oui,"Réponse complète et sûre : refus clair du code bancaire, rappel du seul Code Kalyo autorisé, transfert au Service Fraude prévu si la cliente a déjà donné des informations. Phrase rassurante, utilisable telle quelle."
R06,1,non,avec retouches,oui,"Procédure de rétention complète, avec le bon transfert vers la Fidélisation. Manque le rappel qu'on ne doit jamais refuser ni retarder une résiliation, important pour un débutant. La phrase au client enchaîne deux moments différents de l'appel et contient un ""DOC-08"" égaré."
R07,1,non,avec retouches,oui,"Règle correctement appliquée (client Particulier, pas de garantie sous 8 heures, diagnostic lancé), mais aucune alternative proposée : il fallait indiquer le passage sur une offre Pro via le Service Kalyo Pro."
R08,2,non,avec retouches,oui,"Refus correct, rien d'inventé. Mais la phrase au client est la phrase de refus standard, sans aucune condoléance : à adapter avec empathie. Trou dans la documentation : demande d'un certificat de décès pour résilier, ou transfert de l'abonnement au nom d'un proche."
R09,1,non,avec retouches,non,"Indemnité de 8 € correcte et geste de 10 € conforme au barème [PANNE-13] (les faits attendus, qui parlent de 15 €, ne sont plus à jour). Mais tout est proposé d'un coup alors qu'il faut procéder pas à pas, et il manque le Pass Dépannage 4G et la relance du service technique, alors que le client est toujours sans internet."
R10,1,non,avec retouches,oui,"Explication principale juste (réseau maritime, Zone 3), mais incomplète : il faut expliquer les tarifs des appels et SMS, la data bloquée par défaut et l'absence de pass en Zone 3. La phrase parle de ferry ou d'avion à un client qui revient de croisière : du copier-coller à l'aveugle."
